music_id,publisher,creator,title,rights,date,type_file,contributor_role,desc,rightsp,contributorp_role,creatorp_role,alt_title,datep,descp,type_piece,formattingp,subject,language,relationp,hasVersion,isVersionOf,coverage,temporal,spatial,genre,meter,tempo,real_key,mode,instruments,xml,mei,midi,audio,video,review,user_id,col_id
14,Publisher,Creator,['Titulo'],17,5 August 2023,74,"[{'name': 'Contributor', 'role': 22}]",Description,111,"[{'name': 'Contributor', 'role': 42}]","[{'name': 'Creador1', 'role': 34}]",AltTitle,5 August 2023,Decription,75,Format,['Subject'],IE,"['Relation1', 'Relation2']",['Version'],"['Is', '2']",Coverage,,,"['Work piece', 'Sons']",9/8,Fast,D,Mode,"['Banjo', '5-String Banjo', 'Irish Bouzouki']",,,b'',Audio1,Video1,,1,
13,Publisher,Creator,['Titulo'],17,5 August 2023,74,"[{'name': 'Contributor', 'role': 22}]",Description,111,"[{'name': 'Contributor', 'role': 42}]","[{'name': 'Creador1', 'role': 34}]",AltTitle,5 August 2023,Decription,-1,Format,['Subject'],IE,"['Relation1', 'Relation2']",['Version'],"['Is', '2']",Coverage,"{'year': '', 'decade': '', 'century': ''}","{'state': '', 'country': '', 'location': ''}","['Work piece', 'Sons']",9/8,Fast,D,-1,"['Banjo', '5-String Banjo', 'Irish Bouzouki']",,,b'',Audio1,Video1,False,1,5.0
37,ITMA,lala,['lulu'],13,lala,73,"[{'name': 'lala', 'role': '22:Quality Control'}]",lala,12,"[{'name': 'lala', 'role': '41:Editor', 'gender': ['lala']}]","[{'name': 'lala', 'role': '32:Performer', 'gender': ['G']}]",lala,lala,lala,74,lala,['lala'],lala,['lala'],['lala'],['lala'],lala,"{'year': 'c', 'decade': 'b', 'century': 'a'}","{'state': 'm', 'country': 'm', 'location': 'm'}",['lala'],3/4,Slow,G,F,['lala'],,,b'',nan,nan,True,1,14.0
38,ITMA,lala,['lululu'],12,lala,73,"[{'name': 'lala', 'role': '21:Editor'}]",lala,13,"[{'name': 'lala', 'role': '42:Arranger', 'gender': ['lala']}]","[{'name': 'lala', 'role': '31:Collector', 'gender': ['G']}]",lala,lala,lala,72,lala,['lala'],lala,['lala'],['lala'],['lala'],lala,"{'year': 'c', 'decade': 'b', 'century': 'a'}","{'state': 'm', 'country': 'm', 'location': 'm'}",['lala'],3/4,Slow,G,F,['lala'],,,b'',nan,nan,True,1,14.0
31,ITMA,lala,['lala'],13,lala,73,"[{'name': 'lala', 'role': '22:Quality Control'}]",lala,12,"[{'name': 'lala', 'role': '41:Editor', 'gender': ['lala']}]","[{'name': 'lala', 'role': '32:Performer', 'gender': ['G']}]",lala,lala,lala,74,lala,['lala'],lala,['lala'],['lala'],['lala'],lala,"{'year': 'c', 'decade': 'b', 'century': 'a'}","{'state': 'm', 'country': 'm', 'location': 'm'}",['lala'],3/4,Slow,G,F,['lala'],,,b'',nan,nan,True,1,14.0
32,ITMA,lala,['lala'],12,lala,73,"[{'name': 'lala', 'role': '21:Editor'}]",lala,13,"[{'name': 'lala', 'role': '42:Arranger', 'gender': ['lala']}]","[{'name': 'lala', 'role': '31:Collector', 'gender': ['G']}]",lala,lala,lala,72,lala,['lala'],lala,['lala'],['lala'],['lala'],lala,"{'year': 'c', 'decade': 'b', 'century': 'a'}","{'state': 'm', 'country': 'm', 'location': 'm'}",['lala'],3/4,Slow,G,F,['lala'],,,b'',nan,nan,True,1,14.0
27,ITMA,lala,['lala'],12,lala,73,"[{'name': 'lala', 'role': '21:Editor'}]",lala,12,"[{'name': 'lala', 'role': '41:Editor', 'gender': ['lala']}]","[{'name': 'lala', 'role': '32:Performer', 'gender': ['G']}]",lala,lala,lala,73,lala,['lala'],lala,['lala'],['lala'],['lala'],lala,"{'year': 'c', 'decade': 'b', 'century': 'a'}","{'state': 'm', 'country': 'm', 'location': 'm'}",['lala'],3/4,Slow,G,D,['lala'],,,b'',nan,nan,True,1,14.0
28,ITMA,lala,['lala'],13,lala,73,"[{'name': 'lala', 'role': '22:Quality Control'}]",lala,12,"[{'name': 'lala', 'role': '41:Editor', 'gender': ['lala']}]","[{'name': 'lala', 'role': '32:Performer', 'gender': ['G']}]",lala,lala,lala,74,lala,['lala'],lala,['lala'],['lala'],['lala'],lala,"{'year': 'c', 'decade': 'b', 'century': 'a'}","{'state': 'm', 'country': 'm', 'location': 'm'}",['lala'],3/4,Slow,G,F,['lala'],,,b'',nan,nan,True,1,14.0
29,ITMA,lala,['lala'],12,lala,73,"[{'name': 'lala', 'role': '21:Editor'}]",lala,13,"[{'name': 'lala', 'role': '42:Arranger', 'gender': ['lala']}]","[{'name': 'lala', 'role': '31:Collector', 'gender': ['G']}]",lala,lala,lala,72,lala,['lala'],lala,['lala'],['lala'],['lala'],lala,"{'year': 'c', 'decade': 'b', 'century': 'a'}","{'state': 'm', 'country': 'm', 'location': 'm'}",['lala'],3/4,Slow,G,F,['lala'],,,b'',nan,nan,True,1,14.0
30,ITMA,lala,['lala'],12,lala,73,"[{'name': 'lala', 'role': '21:Editor'}]",lala,12,"[{'name': 'lala', 'role': '41:Editor', 'gender': ['lala']}]","[{'name': 'lala', 'role': '32:Performer', 'gender': ['G']}]",lala,lala,lala,73,lala,['lala'],lala,['lala'],['lala'],['lala'],lala,"{'year': 'c', 'decade': 'b', 'century': 'a'}","{'state': 'm', 'country': 'm', 'location': 'm'}",['lala'],3/4,Slow,G,D,['lala'],,,b'',nan,nan,True,1,14.0
33,ITMA,lala,['lala'],12,lala,73,"[{'name': 'lala', 'role': '21:Editor'}]",lala,12,"[{'name': 'lala', 'role': '41:Editor', 'gender': ['lala']}]","[{'name': 'lala', 'role': '32:Performer', 'gender': ['G']}]",lala,lala,lala,73,lala,['lala'],lala,['lala'],['lala'],['lala'],lala,"{'year': 'c', 'decade': 'b', 'century': 'a'}","{'state': 'm', 'country': 'm', 'location': 'm'}",['lala'],3/4,Slow,G,D,['lala'],,,b'',nan,nan,True,1,14.0
12,Publisher,Creator,['Prueba de partitura'],17,5 August 2023,74,"[{'name': 'Contributor', 'role': 22}]",Description,111,"[{'name': 'Contributor', 'role': 42}]","[{'name': 'Creador1', 'role': 34}]",AltTitle,5 August 2023,Decription,-1,Format,['Subject'],IE,"['Relation1', 'Relation2']",['Version'],"['Is', '2']",Coverage,"{'year': '', 'decade': '', 'century': ''}","{'state': '', 'country': '', 'location': ''}","['Work piece', 'Sons']",9/8,Fast,D,-1,"['Banjo', '5-String Banjo', 'Irish Bouzouki']",,PD94bWwgdmVyc2lvbj0nMS4wJyBlbmNvZGluZz0nVVRGLTgnPz4KPD94bWwtbW9kZWwgaHJlZj0iaHR0cHM6Ly9tdXNpYy1lbmNvZGluZy5vcmcvc2NoZW1hL2Rldi9tZWktYWxsLnJuZyIgdHlwZT0iYXBwbGljYXRpb24veG1sIiBzY2hlbWF0eXBlbnM9Imh0dHA6Ly9yZWxheG5nLm9yZy9ucy9zdHJ1Y3R1cmUvMS4wIj8+Cjw/eG1sLW1vZGVsIGhyZWY9Imh0dHBzOi8vbXVzaWMtZW5jb2Rpbmcub3JnL3NjaGVtYS9kZXYvbWVpLWFsbC5ybmciIHR5cGU9ImFwcGxpY2F0aW9uL3htbCIgc2NoZW1hdHlwZW5zPSJodHRwOi8vcHVybC5vY2xjLm9yZy9kc2RsL3NjaGVtYXRyb24iPz4KPG1laSB4bWxucz0iaHR0cDovL3d3dy5tdXNpYy1lbmNvZGluZy5vcmcvbnMvbWVpIiBtZWl2ZXJzaW9uPSI1LjAuMC1kZXYiPgogIDxtZWlIZWFkPgogICAgPGZpbGVEZXNjPgogICAgICA8dGl0bGVTdG10PgogICAgICAgIDx0aXRsZSB0eXBlPSJtYWluIiB4bWw6aWQ9IkVTLTE5MTMtQi1KU1YtMDAyIj5FbHMgR2F0cyBEZSBDb2RpbmE8L3RpdGxlPgogICAgICAgIDx0aXRsZSB0eXBlPSJzdWJ0aXRsZSI+Q2Fuw4PCp28gVnVpIENhbnRhcjwvdGl0bGU+CiAgICAgICAgPHJlc3BTdG10PgogICAgICAgICAgPHBlcnNOYW1lIHJvbGU9ImNvbXBpbGVyIj5TZXJyYSBJIFZpbGFyw4PCszwvcGVyc05hbWU+CiAgICAgICAgICA8cGVyc05hbWUgcm9sZT0iaW5mb3JtZXIiPjxnZW9nTmFtZS8+PC9wZXJzTmFtZT4KICAgICAgICAgIDxwZXJzTmFtZSByb2xlPSJlbmNvZGVyIj5TYXJhIEcuPC9wZXJzTmFtZT4KICAgICAgICAgIDxwZXJzTmFtZSByb2xlPSJlZGl0b3IiLz4KICAgICAgICA8L3Jlc3BTdG10PgogICAgICA8L3RpdGxlU3RtdD4KICAgICAgPHB1YlN0bXQ+CiAgICAgICAgPHB1Ymxpc2hlcj5jb19QT0VNIFJlc2VhY2ggUHJvamVjdDwvcHVibGlzaGVyPgogICAgICAgIDxkYXRlPjIwMjM8L2RhdGU+CiAgICAgICAgPGF2YWlsYWJpbGl0eT5UbyB0aGUgYmVzdCBvZiBvdXIga25vd2xlZGdlLAogICAgICAgICAgICAgICAgdGhlIGZ1bGwgY29tcG9zaXRpb25zIG9uIHRoaXMgc2l0ZSBhcmUgaW4gdGhlIHB1YmxpYyBkb21haW4sCiAgICAgICAgICAgICAgICB0aGUgZXhjZXJwdHMgYXJlIGluIHRoZSBwdWJsaWMgZG9tYWluIG9yIGFyZSBhbGxvd2FibGUgdW5kZXIgZmFpci11c2UsCiAgICAgICAgICAgICAgICBhbmQgdGhlIGZldyBjb21wb3NpdGlvbnMgdGhhdCBhcmUgc3RpbGwgdW5kZXIgY29weXJpZ2h0IGFyZSB1c2VkIGJ5IHBlcm1pc3Npb24uCiAgICAgICAgICAgICAgICBUaGVzZSBzY29yZXMsIGFyZSBwcm92aWRlZCBmb3IgZWR1Y2F0aW9uYWwgdXNlIG9ubHkgYW5kIGFyZSBub3QgdG8gYmUgdXNlZCBjb21tZXJjaWFsbHkuCiAgICAgICAgICAgIDwvYXZhaWxhYmlsaXR5PgogICAgICA8L3B1YlN0bXQ+CiAgICAgIDxzb3VyY2VEZXNjPgogICAgICAgIDxzb3VyY2UgeG1sOmlkPSJ0b19hZGQiPgogICAgICAgICAgPGJpYmxTdHJ1Y3Q+CiAgICAgICAgICAgIDxtb25vZ3I+CiAgICAgICAgICAgICAgPGltcHJpbnQ+CiAgICAgICAgICAgICAgICA8dGl0bGU+RWwgQ2Fuw4PCp29uZXIgRGVsIENhbGljPC90aXRsZT4KICAgICAgICAgICAgICAgIDx0aXRsZSB0eXBlPSJzdWJvcmRpbmF0ZSI+UmVjb2xsaXQgSSBPcmRlbmF0IFBlciBNbi4gU2VycmEgSSBWaWxhcsODwrM8L3RpdGxlPgogICAgICAgICAgICAgICAgPHJlc3BTdG10PgogICAgICAgICAgICAgICAgICA8cGVyc05hbWUgcm9sZT0iY29tcGlsZXIiPkpvYW4gU2VycmEgSSBWaWxhcsODwrM8L3BlcnNOYW1lPgogICAgICAgICAgICAgICAgICA8cGVyc05hbWUgcm9sZT0iYmlibGlvZ3JhcGh5Ij48L3BlcnNOYW1lPgogICAgICAgICAgICAgICAgICA8cGVyc05hbWUgcm9sZT0iaW50cm9kdWN0aW9uIj48L3BlcnNOYW1lPgogICAgICAgICAgICAgICAgICA8cGVyc05hbWUgcm9sZT0iZWRpdGlvbiI+PC9wZXJzTmFtZT4KICAgICAgICAgICAgICAgIDwvcmVzcFN0bXQ+CiAgICAgICAgICAgICAgICA8cHVibGlzaGVyPkJ1dGxsZXTDg8KtIERlbCBDZW50cmUgRXhjdXJzaW9uaXN0YSBEZSBDYXRhbHVueWEgKFRpcG9ncmFmw4PCrWEgTCdBdmVuw4PCpywgTWFzc8ODwrMsIENhc2FzIFkgQ8OCwqopPC9wdWJsaXNoZXI+CiAgICAgICAgICAgICAgICA8cHViUGxhY2U+QmFyY2Vsb25hPC9wdWJQbGFjZT4KICAgICAgICAgICAgICAgIDxkYXRlPjE5MTM8L2RhdGU+CiAgICAgICAgICAgICAgICA8ZXh0ZW50IHR5cGU9InBhZ2VzIj4xMzguMDwvZXh0ZW50PgogICAgICAgICAgICAgIDwvaW1wcmludD4KICAgICAgICAgICAgPC9tb25vZ3I+CiAgICAgICAgICA8L2JpYmxTdHJ1Y3Q+CiAgICAgICAgPC9zb3VyY2U+CiAgICAgIDwvc291cmNlRGVzYz4KICAgIDwvZmlsZURlc2M+CiAgICA8ZW5jb2RpbmdEZXNjIHhtbDppZD0iZW5jb2RpbmdkZXNjLXUyeDlnZyI+CiAgICAgIDxhcHBJbmZvIHhtbDppZD0iYXBwaW5mby15MzZuZngiPgogICAgICAgIDxhcHBsaWNhdGlvbiB4bWw6aWQ9ImFwcGxpY2F0aW9uLW5sNXVlbyIgaXNvZGF0ZT0iMjAyMy0wMi0yMlQyMjoxODoyMyIgdmVyc2lvbj0iMy4xNC4wLTE0NzRlODAiPgogICAgICAgICAgPG5hbWUgeG1sOmlkPSJuYW1lLTU2ZXJyYSI+VmVyb3ZpbzwvbmFtZT4KICAgICAgICAgIDxwIHhtbDppZD0icC0xbmlmaHJ4Ij5UcmFuc2NvZGVkIGZyb20gTXVzaWNYTUw8L3A+CiAgICAgICAgPC9hcHBsaWNhdGlvbj4KICAgICAgPC9hcHBJbmZvPgogICAgPC9lbmNvZGluZ0Rlc2M+CiAgICA8d29ya0xpc3Q+CiAgICAgIDx3b3JrPjx0aXRsZSB0eXBlPSJtYWluIj5FbHMgR2F0cyBEZSBDb2RpbmE8L3RpdGxlPjxhdXRob3IgdHlwZT0iaW5mb3JtYW50Ij5Bbm9ueW1vdXM8L2F1dGhvcj48aW5jaXAgdHlwZT0ibHlyaWNzIj48aW5jaXBUZXh0PjxoZWFkPkNhbsODwqdvIHZ1aSBjYW50YXI8L2hlYWQ+PC9pbmNpcFRleHQ+PC9pbmNpcD48a2V5IG1vZGU9InBocnlnaWFuIj5FPC9rZXk+PG1ldGVyPkJpbmFyeTwvbWV0ZXI+PHRlbXBvPlZpdm88L3RlbXBvPjxpbmNpcCB0eXBlPSJtdXNpY2FsIj48c2NvcmU+PHNlY3Rpb24+PG1lYXN1cmUgY29weW9mPSIjbTF0cjYwOXEiLz48bWVhc3VyZSBjb3B5b2Y9IiNteHcwenJtIi8+PG1lYXN1cmUgY29weW9mPSIjbWcybXl6byIvPjwvc2VjdGlvbj48L3Njb3JlPjwvaW5jaXA+PGxhbmdVc2FnZT4KICAgICAgICAgPGxhbmd1YWdlIHhtbDpsYW5nPSJjYXQiLz4KICAgICAgPC9sYW5nVXNhZ2U+CiAgICAgIDxub3Rlc1N0bXQ+CiAgICAgICAgIDxhbm5vdD5DYW7Dg8KnbyB2dWkgY2FudGFyCiAgICAgICAgICAgIChlc3Rhci1tZSduIG5vIHB1YykKICAgICAgICAgICAgZGVscyBnYXRzIGRlIENvZGluYSwgCiAgICAgICAgICAgIHF1ZSBzw4PCs24gbW9sdCBnb3JqdXRzLiAKICAgICAgICAgICAgCiAgICAgICAgICAgIEVuIHPDg8KzbiBtb2x0IGdvcmp1dHMsIAogICAgICAgICAgICB0YW50IGNvbSBwb2RlbiBzZXIsIAogICAgICAgICAgICBxdWUgbidoYW4gZmV0ZXMgbW9sdGVzLCAKICAgICAgICAgICAgbcODwqlzIHF1ZSdsIENlcnJhbGVyLgogICAgICAgICAgICAKICAgICAgICAgICAgVW4gZGlhIHZhaWcgdmV1cmUKICAgICAgICAgICAgY29tIGZlaWVuIGwnZW1icm9sbGEsIAogICAgICAgICAgICBxdWUgbidoaSBoYXbDg8KtYSB0cmVzIAogICAgICAgICAgICBxdWUgbGxlcGF2ZW4gbCdvbGxhLiAKICAgICAgICAgICAgCiAgICAgICAgICAgIENvbSBuJ2VyYSBjYWxlbnQsCiAgICAgICAgICAgIGFuYXZlbiB2b2x0YW50OgogICAgICAgICAgICBkZWllbjogw6LCgMKUIEFmYW55ZXUtdm9zLCAKICAgICAgICAgICAgcXVlJ25zIGhpIGF0cmFwYXLDg8Kgbi4gw6LCgMKUCiAgICAgICAgICAgIAogICAgICAgICAgICBQZXIgZmV0IGRlIGRlc2dyYWNpYSAKICAgICAgICAgICAgc2UnbiB2YW4gdGFsY2lhcjoKICAgICAgICAgICAgYW1iIHVuYSBncmFuIHByZXNzYQogICAgICAgICAgICBlbHMgdmFuIGVzcXVpdmFyLiAKICAgICAgICAgICAgCiAgICAgICAgICAgIE4naGkgaGF2w4PCrWEgdW4gZGUgbmVncmU6CiAgICAgICAgICAgIGRpdSBhbiBlbCB2aXJhdDoKICAgICAgICAgICAgw6LCgMKUIEpvIHJhaSEgcGVyIGxvIG1lbm9zIAogICAgICAgICAgICBoZSBzb3J0aXQgYmVuIGZhcnQuIMOiwoDClDwvYW5ub3Q+CiAgICAgIDwvbm90ZXNTdG10PgogICAgICA8Y2xhc3NpZmljYXRpb24+PHRlcm1MaXN0Pjx0ZXJtIHR5cGU9ImdlbnJlIj5DaGlsZHJlbiBzb25nPC90ZXJtPjx0ZXJtIHR5cGU9InJlZ2lvbiI+Q2F0YWx1w4PCsWE8L3Rlcm0+PHRlcm0gdHlwZT0iZGlzdHJpY3QiPkJhcmNlbG9uYTwvdGVybT48dGVybSB0eXBlPSJjaXR5Ij48L3Rlcm0+PC90ZXJtTGlzdD48L2NsYXNzaWZpY2F0aW9uPjwvd29yaz4KICAgIDwvd29ya0xpc3Q+CiAgPC9tZWlIZWFkPgogIDxtdXNpYz4KICAgIDxib2R5PgogICAgICA8bWRpdiB4bWw6aWQ9Im0xbXN1ZW55Ij4KICAgICAgICA8c2NvcmUgeG1sOmlkPSJzZG0yZTZoIj4KICAgICAgICAgIDxzY29yZURlZiB4bWw6aWQ9InNnMndqcWsiPgogICAgICAgICAgICA8cGdIZWFkIHhtbDppZD0icGh2YnltayI+CiAgICAgICAgICAgICAgPHJlbmQgeG1sOmlkPSJyNmhwZGRoIiBoYWxpZ249ImNlbnRlciIgdmFsaWduPSJ0b3AiPkVscyBHYXRzIGRlIENvZGluYTwvcmVuZD4KICAgICAgICAgICAgPC9wZ0hlYWQ+CiAgICAgICAgICAgIDxzdGFmZkdycCB4bWw6aWQ9InNhMXJsZGgiPgogICAgICAgICAgICAgIDxzdGFmZkRlZiB4bWw6aWQ9IlAxIiBuPSIxIiBsaW5lcz0iNSIgcHBxPSI0Ij4KICAgICAgICAgICAgICAgIDxsYWJlbCB4bWw6aWQ9ImxqNGo1a2giPlBpYW5vPC9sYWJlbD4KICAgICAgICAgICAgICAgIDxsYWJlbEFiYnIgeG1sOmlkPSJsc3k3ZGVlIj5Qbm8uPC9sYWJlbEFiYnI+CiAgICAgICAgICAgICAgICA8aW5zdHJEZWYgeG1sOmlkPSJpdjludG92IiBtaWRpLmNoYW5uZWw9IjAiIG1pZGkuaW5zdHJudW09IjAiIG1pZGkudm9sdW1lPSI3OC4wMCUiLz4KICAgICAgICAgICAgICAgIDxjbGVmIHhtbDppZD0iY3B0ZzdkZiIgc2hhcGU9IkciIGxpbmU9IjIiLz4KICAgICAgICAgICAgICAgIDxrZXlTaWcgeG1sOmlkPSJrMWp0NmhrNCIgc2lnPSIwIi8+CiAgICAgICAgICAgICAgICA8bWV0ZXJTaWcgeG1sOmlkPSJtMXlrZmc2OCIgY291bnQ9IjMiIHVuaXQ9IjgiLz4KICAgICAgICAgICAgICA8L3N0YWZmRGVmPgogICAgICAgICAgICA8L3N0YWZmR3JwPgogICAgICAgICAgICA8YW1iaXR1cz4KICAgICAgICAgICAgICA8YW1iTm90ZSB0eXBlPSJsb3dlc3QiIG9jdD0iNCIgcG5hbWU9ImQiLz4KICAgICAgICAgICAgICA8YW1iTm90ZSB0eXBlPSJoaWdoZXN0IiBvY3Q9IjUiIHBuYW1lPSJjIi8+CiAgICAgICAgICAgIDwvYW1iaXR1cz4KICAgICAgICAgIDwvc2NvcmVEZWY+CiAgICAgICAgICA8c2VjdGlvbiB4bWw6aWQ9InNsMXMwazIiPjxzdXBwbGllZCB0eXBlPSJyeXRoeW1uIHBhdHRlcm4iPgogICAgICAgICAgICAgICAgICA8YmVhbT4KICAgICAgICAgICAgICAgICAgPG5vdGUgZHVyPSI4Ii8+CiAgICAgICAgICAgICAgICAgIDxub3RlIGRvdHM9IjEiIGR1cj0iOCIvPgogICAgICAgICAgICAgICAgICA8bm90ZSBkdXI9IjE2Ii8+CiAgICAgICAgICAgICAgICAgIDwvYmVhbT4KICAgICAgICAgICAgICAgPC9zdXBwbGllZD4KICAgICAgICAgICAgICAgPHN1cHBsaWVkIHR5cGU9InBocmFzZXMiPjxwaHJhc2Ugbj0iMSIgc3RhcnRpZD0iI24xc3ViZzFlIiBlbmRpZD0iI24xMGRna3J4IiB0eXBlPSJBIi8+PHBocmFzZSBuPSIzIiBzdGFydGlkPSIjbmdkd2RzZyIgZW5kaWQ9IiNuMTBkZ2tyeCIgdHlwZT0iQSIvPjxwaHJhc2Ugbj0iMiIgc3RhcnRpZD0iI24xa2pjOGZlIiBlbmRpZD0iI25kZXljd2siIHR5cGU9IkEyIi8+PHBocmFzZSBuPSI0IiBzdGFydGlkPSIjbjFramM4ZmUiIGVuZGlkPSIjbjJqM2EwMSIgdHlwZT0iQTIiLz48L3N1cHBsaWVkPjxwYiB4bWw6aWQ9InAxbzVwNzlnIi8+PG1lYXN1cmUgeG1sOmlkPSJtMXRyNjA5cSIgbj0iMCI+PG1OdW0geG1sOmlkPSJtYnFocG5rIi8+PHN0YWZmIHhtbDppZD0iczlleHlmMiIgbj0iMSI+PGxheWVyIHhtbDppZD0ibDFnNGxtZG0iIG49IjEiPjxub3RlIHhtbDppZD0ibjFzdWJnMWUiIGR1ci5wcHE9IjIiIGR1cj0iOCIgb2N0PSI0IiBwbmFtZT0iZyIgc3RlbS5kaXI9InVwIj48dmVyc2UgeG1sOmlkPSJ2MXk3OWp5aCIgbj0iMSI+PHN5bCB4bWw6aWQ9InNrZGJ6dzQiIGNvbj0icyIgd29yZHBvcz0icyI+Q2FuPC9zeWw+PC92ZXJzZT48L25vdGU+PC9sYXllcj48L3N0YWZmPjwvbWVhc3VyZT48bWVhc3VyZSB4bWw6aWQ9Im14dzB6cm0iIGxlZnQ9InJwdHN0YXJ0IiBuPSIxIj48c3RhZmYgeG1sOmlkPSJzMTNodmcydCIgbj0iMSI+PGxheWVyIHhtbDppZD0ibDF0MzQ0b3giIG49IjEiPjxiZWFtIHhtbDppZD0iYm91cnZiMiI+PG5vdGUgeG1sOmlkPSJuc2ltcjVsIiBkdXIucHBxPSIyIiBkdXI9IjgiIG9jdD0iNSIgcG5hbWU9ImMiIHN0ZW0uZGlyPSJkb3duIj48dmVyc2UgeG1sOmlkPSJ2NXZiYTRtIiBuPSIxIj48c3lsIHhtbDppZD0iczEzN2h6ZGYiIGNvbj0icyIgd29yZHBvcz0icyI+w4PCp288L3N5bD48L3ZlcnNlPjx2ZXJzZSB4bWw6aWQ9InZ3ZTM2aWkiIG49IjIiPjxzeWwgeG1sOmlkPSJzOG9vdHF1IiBjb249InMiIHdvcmRwb3M9InMiPmRpYTwvc3lsPjwvdmVyc2U+PHZlcnNlIHhtbDppZD0idjFuaXA2bTAiIG49IjMiPjxzeWwgeG1sOmlkPSJzMXh5dmw1NyIgY29uPSJzIiB3b3JkcG9zPSJzIj5mZXQ8L3N5bD48L3ZlcnNlPjwvbm90ZT48bm90ZSB4bWw6aWQ9Im4xeTluMGswIiBkdXIucHBxPSIyIiBkdXI9IjgiIG9jdD0iNCIgcG5hbWU9ImIiIHN0ZW0uZGlyPSJkb3duIj48dmVyc2UgeG1sOmlkPSJ2MXhrNDJ0ZyIgbj0iMSI+PHN5bCB4bWw6aWQ9InMxOGlrZ2ZnIiBjb249InMiIHdvcmRwb3M9InMiPnZ1aTwvc3lsPjwvdmVyc2U+PHZlcnNlIHhtbDppZD0idnpneTVodiIgbj0iMiI+PHN5bCB4bWw6aWQ9InMxcTZzM3drIiBjb249InMiIHdvcmRwb3M9InMiPnZhaWc8L3N5bD48L3ZlcnNlPjx2ZXJzZSB4bWw6aWQ9InYxMnp4MmE1IiBuPSIzIj48c3lsIHhtbDppZD0iczdmbXNkMiIgY29uPSJzIiB3b3JkcG9zPSJzIj5kZTwvc3lsPjwvdmVyc2U+PC9ub3RlPjxub3RlIHhtbDppZD0ibnUxdzExMiIgZHVyLnBwcT0iMiIgZHVyPSI4IiBvY3Q9IjUiIHBuYW1lPSJjIiBzdGVtLmRpcj0iZG93biI+PHZlcnNlIHhtbDppZD0idm10MWE3OCIgbj0iMSI+PHN5bCB4bWw6aWQ9InMxMzF6cWtiIiBjb249InMiIHdvcmRwb3M9InMiPmNhbjwvc3lsPjwvdmVyc2U+PHZlcnNlIHhtbDppZD0idjFqOXA4dnMiIG49IjIiPjxzeWwgeG1sOmlkPSJzMTdidHdjYyIgY29uPSJkIiB3b3JkcG9zPSJpIj52ZXU8L3N5bD48L3ZlcnNlPjx2ZXJzZSB4bWw6aWQ9InYxdjBvODg4IiBuPSIzIj48c3lsIHhtbDppZD0iczFpMnM0NmUiIGNvbj0iZCIgd29yZHBvcz0iaSI+ZGVzPC9zeWw+PC92ZXJzZT48L25vdGU+PC9iZWFtPjwvbGF5ZXI+PC9zdGFmZj48L21lYXN1cmU+PG1lYXN1cmUgeG1sOmlkPSJtZzJteXpvIiBuPSIyIj48c3RhZmYgeG1sOmlkPSJzYWpzNGhyIiBuPSIxIj48bGF5ZXIgeG1sOmlkPSJsMXd1dDB5aSIgbj0iMSI+PG5vdGUgeG1sOmlkPSJuOGV2cmJ2IiBkdXIucHBxPSI0IiBkdXI9IjQiIG9jdD0iNCIgcG5hbWU9ImEiIHN0ZW0uZGlyPSJ1cCI+PHZlcnNlIHhtbDppZD0idmtvcXl1YSIgbj0iMSI+PHN5bCB4bWw6aWQ9InMxa2FsOHg4IiBjb249InMiIHdvcmRwb3M9InMiPnRhcjwvc3lsPjwvdmVyc2U+PHZlcnNlIHhtbDppZD0idnh3dzR3ZCIgbj0iMiI+PHN5bCB4bWw6aWQ9InNhc25uZnciIGNvbj0icyIgd29yZHBvcz0idCI+cmU8L3N5bD48L3ZlcnNlPjx2ZXJzZSB4bWw6aWQ9InYxYW1ycGUxIiBuPSIzIj48c3lsIHhtbDppZD0ic2Q0bm05ZSIgY29uPSJzIiB3b3JkcG9zPSJ0Ij5ncmFjaWE8L3N5bD48L3ZlcnNlPjwvbm90ZT48bm90ZSB4bWw6aWQ9Im4xNHBsY2J2IiBkdXIucHBxPSIyIiBkdXI9IjgiIG9jdD0iNCIgcG5hbWU9ImciIHN0ZW0uZGlyPSJ1cCI+PHZlcnNlIHhtbDppZD0idmUwNnoxaCIgbj0iMSI+PHN5bCB4bWw6aWQ9InMxNHBmMW8xIiBjb249InMiIHdvcmRwb3M9InMiPihlczwvc3lsPjwvdmVyc2U+PHZlcnNlIHhtbDppZD0idjl1bGJqNCIgbj0iMiI+PHN5bCB4bWw6aWQ9InNxaDU2czUiIGNvbj0icyIgd29yZHBvcz0icyI+Y29tPC9zeWw+PC92ZXJzZT48dmVyc2UgeG1sOmlkPSJ2MWMwMXd2MiIgbj0iMyI+PHN5bCB4bWw6aWQ9InMxOXRkdm9sIiBjb249InMiIHdvcmRwb3M9InMiPnNlJ248L3N5bD48L3ZlcnNlPjwvbm90ZT48L2xheWVyPjwvc3RhZmY+PC9tZWFzdXJlPjxtZWFzdXJlIHhtbDppZD0ibWlvZnBpbyIgbj0iMyI+PHN0YWZmIHhtbDppZD0ic2x0OTJhdyIgbj0iMSI+PGxheWVyIHhtbDppZD0ibDM1amdhcCIgbj0iMSI+PGJlYW0geG1sOmlkPSJiNG9heWQyIj48bm90ZSB4bWw6aWQ9Im5vZTM2NDUiIGR1ci5wcHE9IjIiIGR1cj0iOCIgb2N0PSI1IiBwbmFtZT0iYyIgc3RlbS5kaXI9ImRvd24iPjx2ZXJzZSB4bWw6aWQ9InZlbnlxdnciIG49IjEiPjxzeWwgeG1sOmlkPSJzMXIyZm5sMCIgY29uPSJkIiB3b3JkcG9zPSJpIj50YXI8L3N5bD48L3ZlcnNlPjx2ZXJzZSB4bWw6aWQ9InZlZHFsM3MiIG49IjIiPjxzeWwgeG1sOmlkPSJzaGF0NDZjIiBjb249InMiIHdvcmRwb3M9InMiPmZlaWVuPC9zeWw+PC92ZXJzZT48dmVyc2UgeG1sOmlkPSJ2MTV2NXc1eiIgbj0iMyI+PHN5bCB4bWw6aWQ9InMxcG13NGZkIiBjb249InMiIHdvcmRwb3M9InMiPnZhbjwvc3lsPjwvdmVyc2U+PC9ub3RlPjxub3RlIHhtbDppZD0ibjE0cTNwYjEiIGRvdHM9IjEiIGR1ci5wcHE9IjMiIGR1cj0iOCIgb2N0PSI0IiBwbmFtZT0iYiIgc3RlbS5kaXI9ImRvd24iPjx2ZXJzZSB4bWw6aWQ9InZxZnF0bnMiIG49IjEiPjxzeWwgeG1sOmlkPSJzYjF1djQwIiBjb249InMiIHdvcmRwb3M9InQiPm1lJ248L3N5bD48L3ZlcnNlPjx2ZXJzZSB4bWw6aWQ9InYxOTM5a2oiIG49IjIiPjxzeWwgeG1sOmlkPSJzNG11bHhvIiBjb249ImQiIHdvcmRwb3M9ImkiPmwnZW08L3N5bD48L3ZlcnNlPjx2ZXJzZSB4bWw6aWQ9InZpOHN0aHgiIG49IjMiPjxzeWwgeG1sOmlkPSJzYzhsaGxpIiBjb249ImQiIHdvcmRwb3M9ImkiPnRhbDwvc3lsPjwvdmVyc2U+PC9ub3RlPjxub3RlIHhtbDppZD0ibjF1bWxkMHIiIGR1ci5wcHE9IjEiIGR1cj0iMTYiIG9jdD0iNCIgcG5hbWU9ImEiIHN0ZW0uZGlyPSJkb3duIj48dmVyc2UgeG1sOmlkPSJ2MTVrdjluNiIgbj0iMSI+PHN5bCB4bWw6aWQ9InNuYnh0bnMiIGNvbj0icyIgd29yZHBvcz0icyI+bm88L3N5bD48L3ZlcnNlPjx2ZXJzZSB4bWw6aWQ9InYyczd4anciIG49IjIiPjxzeWwgeG1sOmlkPSJzdXE0OGJxIiBjb249ImQiIHdvcmRwb3M9Im0iPmJybzwvc3lsPjwvdmVyc2U+PHZlcnNlIHhtbDppZD0idjdjMXExZSIgbj0iMyI+PHN5bCB4bWw6aWQ9InN6OXl3ZjciIGNvbj0iZCIgd29yZHBvcz0ibSI+Y2k8L3N5bD48L3ZlcnNlPjwvbm90ZT48L2JlYW0+PC9sYXllcj48L3N0YWZmPjwvbWVhc3VyZT48bWVhc3VyZSB4bWw6aWQ9Im0xZHB3a29jIiBuPSI0Ij48c3RhZmYgeG1sOmlkPSJzem1jMnFvIiBuPSIxIj48bGF5ZXIgeG1sOmlkPSJsMWk1YTQ2eCIgbj0iMSI+PG5vdGUgeG1sOmlkPSJuZzd0bXpsIiBkdXIucHBxPSI0IiBkdXI9IjQiIG9jdD0iNCIgcG5hbWU9ImciIHN0ZW0uZGlyPSJ1cCI+PHZlcnNlIHhtbDppZD0idmtubmw5YiIgbj0iMSI+PHN5bCB4bWw6aWQ9InMzZWZxdHoiIGNvbj0icyIgd29yZHBvcz0icyI+cHVlKTwvc3lsPjwvdmVyc2U+PHZlcnNlIHhtbDppZD0idm1nOWNuZSIgbj0iMiI+PHN5bCB4bWw6aWQ9InNtZXFodWgiIGNvbj0icyIgd29yZHBvcz0idCI+bGxhLDwvc3lsPjwvdmVyc2U+PHZlcnNlIHhtbDppZD0idm81cWRmciIgbj0iMyI+PHN5bCB4bWw6aWQ9InMxYWhtZXRvIiBjb249InMiIHdvcmRwb3M9InQiPmFyOjwvc3lsPjwvdmVyc2U+PC9ub3RlPjxub3RlIHhtbDppZD0ibjF2dHhqOHQiIGR1ci5wcHE9IjIiIGR1cj0iOCIgb2N0PSI0IiBwbmFtZT0iZSIgc3RlbS5kaXI9InVwIj48dmVyc2UgeG1sOmlkPSJ2MW5sMTUzcCIgbj0iMSI+PHN5bCB4bWw6aWQ9InMxdjJ0bm9zIiBjb249InMiIHdvcmRwb3M9InMiPmRlbHM8L3N5bD48L3ZlcnNlPjx2ZXJzZSB4bWw6aWQ9InYxdHRkMG01IiBuPSIyIj48c3lsIHhtbDppZD0ic3Q4NDdqOCIgY29uPSJzIiB3b3JkcG9zPSJzIj5xdWU8L3N5bD48L3ZlcnNlPjx2ZXJzZSB4bWw6aWQ9InYxMGk0eWN1IiBuPSIzIj48c3lsIHhtbDppZD0ic21sazU4YyIgY29uPSJzIiB3b3JkcG9zPSJzIj5hbWI8L3N5bD48L3ZlcnNlPjwvbm90ZT48L2xheWVyPjwvc3RhZmY+PGJyZWF0aCB4bWw6aWQ9ImIxNDJ1bmloIiBzdGFmZj0iMSIgdHN0YW1wPSIzLjAwMDAwMCIvPjwvbWVhc3VyZT48c2IgeG1sOmlkPSJzYmh5b2hvIi8+PG1lYXN1cmUgeG1sOmlkPSJtb3g4MXNzIiBuPSI1Ij48c3RhZmYgeG1sOmlkPSJzcDRrNTJ1IiBuPSIxIj48bGF5ZXIgeG1sOmlkPSJsMTZxeWxuYSIgbj0iMSI+PGJlYW0geG1sOmlkPSJiaG56b2lvIj48bm90ZSB4bWw6aWQ9Im4xZGk2Njk0IiBkdXIucHBxPSIyIiBkdXI9IjgiIG9jdD0iNCIgcG5hbWU9ImciIHN0ZW0uZGlyPSJ1cCI+PHZlcnNlIHhtbDppZD0idjY2bG9rdCIgbj0iMSI+PHN5bCB4bWw6aWQ9InNnZzMxYmwiIGNvbj0icyIgd29yZHBvcz0icyI+Z2F0czwvc3lsPjwvdmVyc2U+PHZlcnNlIHhtbDppZD0idjEyZXllMHciIG49IjIiPjxzeWwgeG1sOmlkPSJzMTlrMXk3OSIgY29uPSJzIiB3b3JkcG9zPSJzIj5uJ2hpPC9zeWw+PC92ZXJzZT48dmVyc2UgeG1sOmlkPSJ2MXRpNXNvdiIgbj0iMyI+PHN5bCB4bWw6aWQ9InMxZ21qM29oIiBjb249ImQiIHdvcmRwb3M9ImkiPnU8L3N5bD48L3ZlcnNlPjwvbm90ZT48bm90ZSB4bWw6aWQ9Im4xaXIxdHZiIiBkdXIucHBxPSIyIiBkdXI9IjgiIG9jdD0iNCIgcG5hbWU9ImEiIHN0ZW0uZGlyPSJ1cCI+PHZlcnNlIHhtbDppZD0idnJ2YzVjZSIgbj0iMSI+PHN5bCB4bWw6aWQ9InMxNjVpNGdjIiBjb249InMiIHdvcmRwb3M9InMiPmRlPC9zeWw+PC92ZXJzZT48dmVyc2UgeG1sOmlkPSJ2MmtmYWZlIiBuPSIyIj48c3lsIHhtbDppZD0iczNsM3pvMSIgY29uPSJkIiB3b3JkcG9zPSJpIj5oYTwvc3lsPjwvdmVyc2U+PHZlcnNlIHhtbDppZD0idmxyNHBqNyIgbj0iMyI+PHN5bCB4bWw6aWQ9InMxM3JldmZyIiBjb249InMiIHdvcmRwb3M9InQiPm5hPC9zeWw+PC92ZXJzZT48L25vdGU+PG5vdGUgeG1sOmlkPSJuMTIyYnVrciIgZHVyLnBwcT0iMiIgZHVyPSI4IiBvY3Q9IjQiIHBuYW1lPSJlIiBzdGVtLmRpcj0idXAiPjx2ZXJzZSB4bWw6aWQ9InZnaGRiOWYiIG49IjEiPjxzeWwgeG1sOmlkPSJzMW50cGJjaiIgY29uPSJzIiB3b3JkcG9zPSJzIj5Dbzwvc3lsPjwvdmVyc2U+PHZlcnNlIHhtbDppZD0idjc4enlseSIgbj0iMiI+PHN5bCB4bWw6aWQ9InNydDlob24iIGNvbj0iZCIgd29yZHBvcz0ibSI+dsODwq08L3N5bD48L3ZlcnNlPjx2ZXJzZSB4bWw6aWQ9InZ2MWl3eDMiIG49IjMiPjxzeWwgeG1sOmlkPSJzemt1aWYyIiBjb249InMiIHdvcmRwb3M9InMiPmdyYW48L3N5bD48L3ZlcnNlPjwvbm90ZT48L2JlYW0+PC9sYXllcj48L3N0YWZmPjwvbWVhc3VyZT48bWVhc3VyZSB4bWw6aWQ9Im1vNHh6bWYiIG49IjYiPjxzdGFmZiB4bWw6aWQ9InN1bTk1amMiIG49IjEiPjxsYXllciB4bWw6aWQ9ImwxZXdiaXN0IiBuPSIxIj48YmVhbSB4bWw6aWQ9ImJhaGZvcW8iPjxub3RlIHhtbDppZD0ibjF4ZHVtNHciIGR1ci5wcHE9IjIiIGR1cj0iOCIgb2N0PSI0IiBwbmFtZT0iZiIgc3RlbS5kaXI9InVwIj48dmVyc2UgeG1sOmlkPSJ2eWdnc3lnIiBuPSIxIj48c3lsIHhtbDppZD0ic25ja21haiIgY29uPSJzIiB3b3JkcG9zPSJzIj5kaTwvc3lsPjwvdmVyc2U+PHZlcnNlIHhtbDppZD0idm5naWw1biIgbj0iMiI+PHN5bCB4bWw6aWQ9InNha29mbXciIGNvbj0icyIgd29yZHBvcz0idCI+YTwvc3lsPjwvdmVyc2U+PHZlcnNlIHhtbDppZD0idjFpNG5qeWciIG49IjMiPjxzeWwgeG1sOmlkPSJzejM1enl2IiBjb249ImQiIHdvcmRwb3M9ImkiPnByZXM8L3N5bD48L3ZlcnNlPjwvbm90ZT48bm90ZSB4bWw6aWQ9Im4xdW9qZnVhIiBkdXIucHBxPSIyIiBkdXI9IjgiIG9jdD0iNCIgcG5hbWU9ImciIHN0ZW0uZGlyPSJ1cCI+PHZlcnNlIHhtbDppZD0idjEzZmxvbTMiIG49IjEiPjxzeWwgeG1sOmlkPSJzd21xcTA1IiBjb249InMiIHdvcmRwb3M9InMiPm5hLDwvc3lsPjwvdmVyc2U+PHZlcnNlIHhtbDppZD0idjFrY3I4MW8iIG49IjIiPjxzeWwgeG1sOmlkPSJzNXAxc3Q1IiBjb249InMiIHdvcmRwb3M9InMiPnRyZXM8L3N5bD48L3ZlcnNlPjx2ZXJzZSB4bWw6aWQ9InYxdHF5M3B2IiBuPSIzIj48c3lsIHhtbDppZD0iczdndjY1NCIgY29uPSJzIiB3b3JkcG9zPSJ0Ij5zYTwvc3lsPjwvdmVyc2U+PC9ub3RlPjxub3RlIHhtbDppZD0ibjFsbXV4Ym0iIGR1ci5wcHE9IjIiIGR1cj0iOCIgb2N0PSI0IiBwbmFtZT0iYiIgc3RlbS5kaXI9InVwIj48dmVyc2UgeG1sOmlkPSJ2MXhjNGdibSIgbj0iMSI+PHN5bCB4bWw6aWQ9InN4bjNweHgiIGNvbj0icyIgd29yZHBvcz0icyI+cXVlPC9zeWw+PC92ZXJzZT48dmVyc2UgeG1sOmlkPSJ2OHd5NjJjIiBuPSIyIj48c3lsIHhtbDppZD0iczE0NHY5eDQiIGNvbj0icyIgd29yZHBvcz0icyI+cXVlPC9zeWw+PC92ZXJzZT48dmVyc2UgeG1sOmlkPSJ2MWhpZ2QyOCIgbj0iMyI+PHN5bCB4bWw6aWQ9InMxZmZ0cTcxIiBjb249InMiIHdvcmRwb3M9InMiPmVsczwvc3lsPjwvdmVyc2U+PC9ub3RlPjwvYmVhbT48L2xheWVyPjwvc3RhZmY+PC9tZWFzdXJlPjxtZWFzdXJlIHhtbDppZD0ibTFoM3BkbXUiIG49IjciPjxzdGFmZiB4bWw6aWQ9InMyczg3b28iIG49IjEiPjxsYXllciB4bWw6aWQ9Imx0NWV1NjUiIG49IjEiPjxiZWFtIHhtbDppZD0iYmplNTcyNiI+PG5vdGUgeG1sOmlkPSJuNDNhZnY2IiBkdXIucHBxPSIyIiBkdXI9IjgiIG9jdD0iNCIgcG5hbWU9ImciIHN0ZW0uZGlyPSJ1cCI+PHZlcnNlIHhtbDppZD0idjE2dXVnNXMiIG49IjEiPjxzeWwgeG1sOmlkPSJzMWp1MzZ5eCIgY29uPSJzIiB3b3JkcG9zPSJzIj5zw4PCs248L3N5bD48L3ZlcnNlPjx2ZXJzZSB4bWw6aWQ9InZnMngxaDYiIG49IjIiPjxzeWwgeG1sOmlkPSJzZm52cW42IiBjb249ImQiIHdvcmRwb3M9ImkiPmxsZTwvc3lsPjwvdmVyc2U+PHZlcnNlIHhtbDppZD0idjFwNWtkdmIiIG49IjMiPjxzeWwgeG1sOmlkPSJzcjIwMnBwIiBjb249InMiIHdvcmRwb3M9InMiPnZhbjwvc3lsPjwvdmVyc2U+PC9ub3RlPjxub3RlIHhtbDppZD0ibjFpNzFxbTAiIGRvdHM9IjEiIGR1ci5wcHE9IjMiIGR1cj0iOCIgb2N0PSI0IiBwbmFtZT0iYSIgc3RlbS5kaXI9InVwIj48dmVyc2UgeG1sOmlkPSJ2MXRvM3Y5dyIgbj0iMSI+PHN5bCB4bWw6aWQ9InMxaHJib24xIiBjb249InMiIHdvcmRwb3M9InMiPm1vbHQ8L3N5bD48L3ZlcnNlPjx2ZXJzZSB4bWw6aWQ9InYxcXlkNDdpIiBuPSIyIj48c3lsIHhtbDppZD0iczhubHNsMyIgY29uPSJkIiB3b3JkcG9zPSJtIj5wYTwvc3lsPjwvdmVyc2U+PHZlcnNlIHhtbDppZD0idmo1NWI1ZyIgbj0iMyI+PHN5bCB4bWw6aWQ9InMxMTgxODRvIiBjb249ImQiIHdvcmRwb3M9ImkiPmVzPC9zeWw+PC92ZXJzZT48L25vdGU+PG5vdGUgeG1sOmlkPSJubTlyY3o5IiBkdXIucHBxPSIxIiBkdXI9IjE2IiBvY3Q9IjQiIHBuYW1lPSJmIiBzdGVtLmRpcj0idXAiPjx2ZXJzZSB4bWw6aWQ9InZsa3V4angiIG49IjEiPjxzeWwgeG1sOmlkPSJzMXllNHFjIiBjb249InMiIHdvcmRwb3M9InMiPmdvcjwvc3lsPjwvdmVyc2U+PHZlcnNlIHhtbDppZD0idmcxc255IiBuPSIyIj48c3lsIHhtbDppZD0iczFmbGNtNWgiIGNvbj0icyIgd29yZHBvcz0idCI+dmVuPC9zeWw+PC92ZXJzZT48dmVyc2UgeG1sOmlkPSJ2YXd6dG8iIG49IjMiPjxzeWwgeG1sOmlkPSJzNjc1bTF5IiBjb249ImQiIHdvcmRwb3M9Im0iPnF1aTwvc3lsPjwvdmVyc2U+PC9ub3RlPjwvYmVhbT48L2xheWVyPjwvc3RhZmY+PC9tZWFzdXJlPjxtZWFzdXJlIHhtbDppZD0ibWVkMGVuNyIgbj0iOCI+PHN0YWZmIHhtbDppZD0ic2xnMWs0MiIgbj0iMSI+PGxheWVyIHhtbDppZD0ibDkwNXNjbCIgbj0iMSI+PG5vdGUgeG1sOmlkPSJuMTBkZ2tyeCIgZHVyLnBwcT0iNCIgZHVyPSI0IiBvY3Q9IjQiIHBuYW1lPSJlIiBzdGVtLmRpcj0idXAiIHR5cGU9IlIiPjx2ZXJzZSB4bWw6aWQ9InYxcml1a2FhIiBuPSIxIj48c3lsIHhtbDppZD0iczhld2JwNCIgY29uPSJzIiB3b3JkcG9zPSJzIj5qdXRzLjwvc3lsPjwvdmVyc2U+PHZlcnNlIHhtbDppZD0idmNhbWF5bCIgbj0iMiI+PHN5bCB4bWw6aWQ9InNlcWV0enIiIGNvbj0icyIgd29yZHBvcz0icyI+bCdvbGxhLjwvc3lsPjwvdmVyc2U+PHZlcnNlIHhtbDppZD0idjNsNmh4cCIgbj0iMyI+PHN5bCB4bWw6aWQ9InMxOHBpb281IiBjb249InMiIHdvcmRwb3M9InQiPnZhci48L3N5bD48L3ZlcnNlPjwvbm90ZT48bm90ZSB4bWw6aWQ9Im4xa2pjOGZlIiBkdXIucHBxPSIyIiBkdXI9IjgiIG9jdD0iNCIgcG5hbWU9ImUiIHN0ZW0uZGlyPSJ1cCI+PHZlcnNlIHhtbDppZD0idjFpZTdxN2QiIG49IjEiPjxzeWwgeG1sOmlkPSJzenpjbWNlIiBjb249InMiIHdvcmRwb3M9InMiPkVuPC9zeWw+PC92ZXJzZT48dmVyc2UgeG1sOmlkPSJ2MWNmbWd3MCIgbj0iMiI+PHN5bCB4bWw6aWQ9InMxdzU5d2V3IiBjb249InMiIHdvcmRwb3M9InMiPkNvbTwvc3lsPjwvdmVyc2U+PHZlcnNlIHhtbDppZD0idnY1bGV3OSIgbj0iMyI+PHN5bCB4bWw6aWQ9InN0NmUxZmQiIGNvbj0iZCIgd29yZHBvcz0iaSI+TidoacOCwqBoYTwvc3lsPjwvdmVyc2U+PC9ub3RlPjwvbGF5ZXI+PC9zdGFmZj48YnJlYXRoIHhtbDppZD0iYjF4ZXdtMWQiIHN0YWZmPSIxIiB0c3RhbXA9IjMuMDAwMDAwIi8+PC9tZWFzdXJlPjxtZWFzdXJlIHhtbDppZD0ibTE2bDFua3EiIG49IjkiPjxzdGFmZiB4bWw6aWQ9InN2OTlkdXIiIG49IjEiPjxsYXllciB4bWw6aWQ9ImxhcHUxd3UiIG49IjEiPjxiZWFtIHhtbDppZD0iYjIzanZzcSI+PG5vdGUgeG1sOmlkPSJuMTJoajI0ZCIgZHVyLnBwcT0iMiIgZHVyPSI4IiBvY3Q9IjQiIHBuYW1lPSJlIiBzdGVtLmRpcj0idXAiPjx2ZXJzZSB4bWw6aWQ9InYxNGV6dDQ4IiBuPSIxIj48c3lsIHhtbDppZD0iczVwbGNudCIgY29uPSJzIiB3b3JkcG9zPSJzIj5zw4PCs248L3N5bD48L3ZlcnNlPjx2ZXJzZSB4bWw6aWQ9InZ4OXZpY2IiIG49IjIiPjxzeWwgeG1sOmlkPSJzMW1wbWpsOSIgY29uPSJkIiB3b3JkcG9zPSJpIj5uJ2U8L3N5bD48L3ZlcnNlPjx2ZXJzZSB4bWw6aWQ9InYxdThoYXYxIiBuPSIzIj48c3lsIHhtbDppZD0iczFwNWs3azIiIGNvbj0icyIgd29yZHBvcz0idCI+dsODwq1hPC9zeWw+PC92ZXJzZT48L25vdGU+PG5vdGUgeG1sOmlkPSJuMWpkbmdpMSIgZG90cz0iMSIgZHVyLnBwcT0iMyIgZHVyPSI4IiBvY3Q9IjQiIHBuYW1lPSJnIiBzdGVtLmRpcj0idXAiPjx2ZXJzZSB4bWw6aWQ9InYxdWljNm1vIiBuPSIxIj48c3lsIHhtbDppZD0iczY5eXQ3ZiIgY29uPSJzIiB3b3JkcG9zPSJzIj5tb2x0PC9zeWw+PC92ZXJzZT48dmVyc2UgeG1sOmlkPSJ2ZXRyOGJiIiBuPSIyIj48c3lsIHhtbDppZD0iczF0NDl4MyIgY29uPSJzIiB3b3JkcG9zPSJ0Ij5yYTwvc3lsPjwvdmVyc2U+PHZlcnNlIHhtbDppZD0idjFlejRzNHIiIG49IjMiPjxzeWwgeG1sOmlkPSJzYjRqdXJ2IiBjb249InMiIHdvcmRwb3M9InMiPnVuPC9zeWw+PC92ZXJzZT48L25vdGU+PG5vdGUgeG1sOmlkPSJuZmVsNnhjIiBkdXIucHBxPSIxIiBkdXI9IjE2IiBvY3Q9IjQiIHBuYW1lPSJlIiBzdGVtLmRpcj0idXAiPjx2ZXJzZSB4bWw6aWQ9InYxY2ZwcmN0IiBuPSIxIj48c3lsIHhtbDppZD0iczFkZWs4dWwiIGNvbj0icyIgd29yZHBvcz0icyI+Z29yPC9zeWw+PC92ZXJzZT48dmVyc2UgeG1sOmlkPSJ2MzgxbWhpIiBuPSIyIj48c3lsIHhtbDppZD0iczFkY28xOXoiIGNvbj0iZCIgd29yZHBvcz0iaSI+Y2E8L3N5bD48L3ZlcnNlPjx2ZXJzZSB4bWw6aWQ9InZqN2NhcnYiIG49IjMiPjxzeWwgeG1sOmlkPSJzMXJrN3l0ZiIgY29uPSJzIiB3b3JkcG9zPSJzIj5kZTwvc3lsPjwvdmVyc2U+PC9ub3RlPjwvYmVhbT48L2xheWVyPjwvc3RhZmY+PC9tZWFzdXJlPjxzYiB4bWw6aWQ9InMxaG5hNmsxIi8+PG1lYXN1cmUgeG1sOmlkPSJtMWZtMGZzNiIgbj0iMTAiPjxzdGFmZiB4bWw6aWQ9InMxeDhlYmZyIiBuPSIxIj48bGF5ZXIgeG1sOmlkPSJsMTc2ODlmbyIgbj0iMSI+PG5vdGUgeG1sOmlkPSJuMWQ3aWFoNCIgZHVyLnBwcT0iNCIgZHVyPSI0IiBvY3Q9IjQiIHBuYW1lPSJkIiBzdGVtLmRpcj0idXAiPjx2ZXJzZSB4bWw6aWQ9InYxa2Y5bGt3IiBuPSIxIj48c3lsIHhtbDppZD0ic3plOGJ5byIgY29uPSJzIiB3b3JkcG9zPSJzIj5qdXRzLDwvc3lsPjwvdmVyc2U+PHZlcnNlIHhtbDppZD0idnhjNWw0ZyIgbj0iMiI+PHN5bCB4bWw6aWQ9InNiOHFpZ20iIGNvbj0icyIgd29yZHBvcz0idCI+bGVudCw8L3N5bD48L3ZlcnNlPjx2ZXJzZSB4bWw6aWQ9InYxOGRxZGE2IiBuPSIzIj48c3lsIHhtbDppZD0iczFqNmJpYTkiIGNvbj0icyIgd29yZHBvcz0icyI+bmVncmU6PC9zeWw+PC92ZXJzZT48L25vdGU+PG5vdGUgeG1sOmlkPSJuMXB5enk4aSIgZHVyLnBwcT0iMiIgZHVyPSI4IiBvY3Q9IjQiIHBuYW1lPSJmIiBzdGVtLmRpcj0idXAiPjx2ZXJzZSB4bWw6aWQ9InYxZzM5aGJ1IiBuPSIxIj48c3lsIHhtbDppZD0ic3l0MzY3byIgY29uPSJzIiB3b3JkcG9zPSJzIj50YW50PC9zeWw+PC92ZXJzZT48dmVyc2UgeG1sOmlkPSJ2MTB6ZzBwbiIgbj0iMiI+PHN5bCB4bWw6aWQ9InMxMzAycDJ1IiBjb249ImQiIHdvcmRwb3M9ImkiPmE8L3N5bD48L3ZlcnNlPjx2ZXJzZSB4bWw6aWQ9InZwYTk5NWIiIG49IjMiPjxzeWwgeG1sOmlkPSJzbmt2bjhqIiBjb249InMiIHdvcmRwb3M9InMiPmRpdTwvc3lsPjwvdmVyc2U+PC9ub3RlPjwvbGF5ZXI+PC9zdGFmZj48L21lYXN1cmU+PG1lYXN1cmUgeG1sOmlkPSJtNTM1NnlvIiBuPSIxMSI+PHN0YWZmIHhtbDppZD0iczZsYzF3OCIgbj0iMSI+PGxheWVyIHhtbDppZD0ibDEyeTFvdmgiIG49IjEiPjxiZWFtIHhtbDppZD0iYjFueGFmZWMiPjxub3RlIHhtbDppZD0ibmE4ODhqeiIgZHVyLnBwcT0iMiIgZHVyPSI4IiBvY3Q9IjQiIHBuYW1lPSJmIiBzdGVtLmRpcj0idXAiPjx2ZXJzZSB4bWw6aWQ9InZwbnl1dTYiIG49IjEiPjxzeWwgeG1sOmlkPSJzdGZ1ZXpkIiBjb249InMiIHdvcmRwb3M9InMiPmNvbTwvc3lsPjwvdmVyc2U+PHZlcnNlIHhtbDppZD0idjFzbGNqeTkiIG49IjIiPjxzeWwgeG1sOmlkPSJzdHJsdHF5IiBjb249ImQiIHdvcmRwb3M9Im0iPm5hPC9zeWw+PC92ZXJzZT48dmVyc2UgeG1sOmlkPSJ2dzUyb2wzIiBuPSIzIj48c3lsIHhtbDppZD0iczhnbXh4NyIgY29uPSJzIiB3b3JkcG9zPSJzIj5hbjwvc3lsPjwvdmVyc2U+PC9ub3RlPjxub3RlIHhtbDppZD0ibjE5eWZ1ZmwiIGRvdHM9IjEiIGR1ci5wcHE9IjMiIGR1cj0iOCIgb2N0PSI0IiBwbmFtZT0iYSIgc3RlbS5kaXI9InVwIj48dmVyc2UgeG1sOmlkPSJ2czc4YTNpIiBuPSIxIj48c3lsIHhtbDppZD0iczFmN3hqcnkiIGNvbj0icyIgd29yZHBvcz0icyI+cG88L3N5bD48L3ZlcnNlPjx2ZXJzZSB4bWw6aWQ9InZzZDd2eXoiIG49IjIiPjxzeWwgeG1sOmlkPSJzMWUwaHhjZCIgY29uPSJzIiB3b3JkcG9zPSJ0Ij52ZW48L3N5bD48L3ZlcnNlPjx2ZXJzZSB4bWw6aWQ9InYxOTFsOGJqIiBuPSIzIj48c3lsIHhtbDppZD0ic2RvbHV0NyIgY29uPSJzIiB3b3JkcG9zPSJzIj5lbDwvc3lsPjwvdmVyc2U+PC9ub3RlPjxub3RlIHhtbDppZD0ibnN5c2RibiIgZHVyLnBwcT0iMSIgZHVyPSIxNiIgb2N0PSI0IiBwbmFtZT0iZiIgc3RlbS5kaXI9InVwIj48dmVyc2UgeG1sOmlkPSJ2NWRwNTZvIiBuPSIxIj48c3lsIHhtbDppZD0iczFzcjhzemUiIGNvbj0icyIgd29yZHBvcz0icyI+ZGVuPC9zeWw+PC92ZXJzZT48dmVyc2UgeG1sOmlkPSJ2MWFiZXM1cyIgbj0iMiI+PHN5bCB4bWw6aWQ9InNidDBycDciIGNvbj0iZCIgd29yZHBvcz0iaSI+dm9sPC9zeWw+PC92ZXJzZT48dmVyc2UgeG1sOmlkPSJ2MWowamhoOCIgbj0iMyI+PHN5bCB4bWw6aWQ9InMxdXAxYXp0IiBjb249ImQiIHdvcmRwb3M9ImkiPnZpPC9zeWw+PC92ZXJzZT48L25vdGU+PC9iZWFtPjwvbGF5ZXI+PC9zdGFmZj48L21lYXN1cmU+PG1lYXN1cmUgeG1sOmlkPSJtb3V3NnNvIiBuPSIxMiI+PHN0YWZmIHhtbDppZD0iczFqb3VzNjUiIG49IjEiPjxsYXllciB4bWw6aWQ9ImwxYmR5MzJtIiBuPSIxIj48bm90ZSB4bWw6aWQ9Im5wY25xM3oiIGR1ci5wcHE9IjQiIGR1cj0iNCIgb2N0PSI0IiBwbmFtZT0iZyIgc3RlbS5kaXI9InVwIj48dmVyc2UgeG1sOmlkPSJ2bGduY25yIiBuPSIxIj48c3lsIHhtbDppZD0ic2Z0MmR4NCIgY29uPSJzIiB3b3JkcG9zPSJzIj5zZXIsPC9zeWw+PC92ZXJzZT48dmVyc2UgeG1sOmlkPSJ2NmFtNmg1IiBuPSIyIj48c3lsIHhtbDppZD0iczE4bGgxb3IiIGNvbj0icyIgd29yZHBvcz0idCI+dGFudDo8L3N5bD48L3ZlcnNlPjx2ZXJzZSB4bWw6aWQ9InYxaWxveDdnIiBuPSIzIj48c3lsIHhtbDppZD0ic3F3NjNyYSIgY29uPSJzIiB3b3JkcG9zPSJzIj5yYXQ6PC9zeWw+PC92ZXJzZT48L25vdGU+PG5vdGUgeG1sOmlkPSJueGl3OGU4IiBkdXIucHBxPSIyIiBkdXI9IjgiIG9jdD0iNCIgcG5hbWU9ImciIHN0ZW0uZGlyPSJ1cCI+PHZlcnNlIHhtbDppZD0idjk0NmU5YyIgbj0iMSI+PHN5bCB4bWw6aWQ9InMxOWVqbDVpIiBjb249InMiIHdvcmRwb3M9InMiPnF1ZTwvc3lsPjwvdmVyc2U+PHZlcnNlIHhtbDppZD0idjZheTQ5cCIgbj0iMiI+PHN5bCB4bWw6aWQ9InM4enNlOGwiIGNvbj0iZCIgd29yZHBvcz0iaSI+ZGVpPC9zeWw+PC92ZXJzZT48dmVyc2UgeG1sOmlkPSJ2bmhya2N2IiBuPSIzIj48c3lsIHhtbDppZD0iczE4ZDl3NjEiIGNvbj0icyIgd29yZHBvcz0icyI+IkpvPC9zeWw+PC92ZXJzZT48L25vdGU+PC9sYXllcj48L3N0YWZmPjxicmVhdGggeG1sOmlkPSJiMXR4bDE4biIgc3RhZmY9IjEiIHRzdGFtcD0iMy4wMDAwMDAiLz48L21lYXN1cmU+PG1lYXN1cmUgeG1sOmlkPSJtcTRuZGJmIiBuPSIxMyI+PHN0YWZmIHhtbDppZD0iczFoZWRpbWYiIG49IjEiPjxsYXllciB4bWw6aWQ9Imw5ZXZ6cGMiIG49IjEiPjxiZWFtIHhtbDppZD0iYjFhdWUxamYiPjxub3RlIHhtbDppZD0ibjVtcWpnYyIgZHVyLnBwcT0iMiIgZHVyPSI4IiBvY3Q9IjQiIHBuYW1lPSJnIiBzdGVtLmRpcj0idXAiPjx2ZXJzZSB4bWw6aWQ9InZ4ZnI1ZmwiIG49IjEiPjxzeWwgeG1sOmlkPSJzeGozNGVtIiBjb249InMiIHdvcmRwb3M9InMiPm4naGFuPC9zeWw+PC92ZXJzZT48dmVyc2UgeG1sOmlkPSJ2MW5jZGF1NyIgbj0iMiI+PHN5bCB4bWw6aWQ9InNjamRnNGUiIGNvbj0icyIgd29yZHBvcz0idCI+ZW46PC9zeWw+PC92ZXJzZT48dmVyc2UgeG1sOmlkPSJ2MTRteW00aCIgbj0iMyI+PHN5bCB4bWw6aWQ9InMxeGE4NHg1IiBjb249InMiIHdvcmRwb3M9InMiPnJhaSE8L3N5bD48L3ZlcnNlPjwvbm90ZT48bm90ZSB4bWw6aWQ9Im4xODczYzYiIGRvdHM9IjEiIGR1ci5wcHE9IjMiIGR1cj0iOCIgb2N0PSI1IiBwbmFtZT0iYyIgc3RlbS5kaXI9InVwIj48dmVyc2UgeG1sOmlkPSJ2MXh0N25weSIgbj0iMSI+PHN5bCB4bWw6aWQ9InMxaDRoZjJiIiBjb249InMiIHdvcmRwb3M9InMiPmZlPC9zeWw+PC92ZXJzZT48dmVyc2UgeG1sOmlkPSJ2M21kb3l2IiBuPSIyIj48c3lsIHhtbDppZD0ic3JodTB3YyIgY29uPSJkIiB3b3JkcG9zPSJpIj4iQTwvc3lsPjwvdmVyc2U+PHZlcnNlIHhtbDppZD0idm5odXB3cSIgbj0iMyI+PHN5bCB4bWw6aWQ9InMxYnY1ZnJ2IiBjb249InMiIHdvcmRwb3M9InMiPnBlcjwvc3lsPjwvdmVyc2U+PC9ub3RlPjxub3RlIHhtbDppZD0ibjFxZzRnYzQiIGR1ci5wcHE9IjEiIGR1cj0iMTYiIG9jdD0iNCIgcG5hbWU9ImIiIHN0ZW0uZGlyPSJ1cCI+PHZlcnNlIHhtbDppZD0idjEyMTUyZ2UiIG49IjEiPjxzeWwgeG1sOmlkPSJzMXZwc2J6OCIgY29uPSJzIiB3b3JkcG9zPSJzIj50ZXM8L3N5bD48L3ZlcnNlPjx2ZXJzZSB4bWw6aWQ9InYxc3pqb2IxIiBuPSIyIj48c3lsIHhtbDppZD0iczFhYmFrdTgiIGNvbj0iZCIgd29yZHBvcz0ibSI+ZmFuPC9zeWw+PC92ZXJzZT48dmVyc2UgeG1sOmlkPSJ2dTQ2enAwIiBuPSIzIj48c3lsIHhtbDppZD0iczE2cHl6emUiIGNvbj0icyIgd29yZHBvcz0icyI+bG88L3N5bD48L3ZlcnNlPjwvbm90ZT48L2JlYW0+PC9sYXllcj48L3N0YWZmPjwvbWVhc3VyZT48bWVhc3VyZSB4bWw6aWQ9Im1haHlqdGYiIG49IjE0Ij48c3RhZmYgeG1sOmlkPSJzMWJxbWF2MiIgbj0iMSI+PGxheWVyIHhtbDppZD0ibGRlcm8xaSIgbj0iMSI+PGJlYW0geG1sOmlkPSJidmwybGphIj48bm90ZSB4bWw6aWQ9Im5hdzZzNzUiIGR1ci5wcHE9IjIiIGR1cj0iOCIgb2N0PSI0IiBwbmFtZT0iYSIgc3RlbS5kaXI9ImRvd24iPjx2ZXJzZSB4bWw6aWQ9InZ2d3RicCIgbj0iMSI+PHN5bCB4bWw6aWQ9InNyaHp1cGQiIGNvbj0icyIgd29yZHBvcz0icyI+bW9sPC9zeWw+PC92ZXJzZT48dmVyc2UgeG1sOmlkPSJ2MW9rdmwxMyIgbj0iMiI+PHN5bCB4bWw6aWQ9InMxZms0ZWR3IiBjb249ImQiIHdvcmRwb3M9Im0iPnlldTwvc3lsPjwvdmVyc2U+PHZlcnNlIHhtbDppZD0idnhzOTExYiIgbj0iMyI+PHN5bCB4bWw6aWQ9InMxeTRrdmJ0IiBjb249ImQiIHdvcmRwb3M9ImkiPm1lPC9zeWw+PC92ZXJzZT48L25vdGU+PG5vdGUgeG1sOmlkPSJuMTVtZnBtcyIgZG90cz0iMSIgZHVyLnBwcT0iMyIgZHVyPSI4IiBvY3Q9IjUiIHBuYW1lPSJjIiBzdGVtLmRpcj0iZG93biI+PHZlcnNlIHhtbDppZD0idjFicm51ayIgbj0iMSI+PHN5bCB4bWw6aWQ9InMxY3M3cWx5IiBjb249InMiIHdvcmRwb3M9InMiPnRlcyw8L3N5bD48L3ZlcnNlPjx2ZXJzZSB4bWw6aWQ9InYxaTZrMzBoIiBuPSIyIj48c3lsIHhtbDppZD0iczF0d2trMHQiIGNvbj0icyIgd29yZHBvcz0idCI+dm9zLDwvc3lsPjwvdmVyc2U+PHZlcnNlIHhtbDppZD0idjFjMnh2c2MiIG49IjMiPjxzeWwgeG1sOmlkPSJzNWV5aHNrIiBjb249InMiIHdvcmRwb3M9InQiPm5vczwvc3lsPjwvdmVyc2U+PC9ub3RlPjxub3RlIHhtbDppZD0ibmtnNXExbiIgZHVyLnBwcT0iMSIgZHVyPSIxNiIgb2N0PSI0IiBwbmFtZT0iYiIgc3RlbS5kaXI9ImRvd24iPjx2ZXJzZSB4bWw6aWQ9InYxZndtZ3d2IiBuPSIxIj48c3lsIHhtbDppZD0iczE5NXpjdnQiIGNvbj0icyIgd29yZHBvcz0icyI+bcODwqlzPC9zeWw+PC92ZXJzZT48dmVyc2UgeG1sOmlkPSJ2cW4yZDVzIiBuPSIyIj48c3lsIHhtbDppZD0iczF4MWI0bHoiIGNvbj0icyIgd29yZHBvcz0icyI+cXVlJ25zPC9zeWw+PC92ZXJzZT48dmVyc2UgeG1sOmlkPSJ2cXJtc2FzIiBuPSIzIj48c3lsIHhtbDppZD0ic3ZnNGlscyIgY29uPSJzIiB3b3JkcG9zPSJzIj5oZTwvc3lsPjwvdmVyc2U+PC9ub3RlPjwvYmVhbT48L2xheWVyPjwvc3RhZmY+PC9tZWFzdXJlPjxzYiB4bWw6aWQ9InNwb3NqMjYiLz48bWVhc3VyZSB4bWw6aWQ9Im1pZzlmanQiIG49IjE1Ij48c3RhZmYgeG1sOmlkPSJzMWdrbDl5OSIgbj0iMSI+PGxheWVyIHhtbDppZD0ibHM0eTZ3OSIgbj0iMSI+PGJlYW0geG1sOmlkPSJiOGRyZW8iPjxub3RlIHhtbDppZD0ibm1jcTY3eSIgZHVyLnBwcT0iMiIgZHVyPSI4IiBvY3Q9IjQiIHBuYW1lPSJhIiBzdGVtLmRpcj0idXAiPjx2ZXJzZSB4bWw6aWQ9InY4Zm52OCIgbj0iMSI+PHN5bCB4bWw6aWQ9InMxdG4wbGlwIiBjb249InMiIHdvcmRwb3M9InMiPnF1ZSdsPC9zeWw+PC92ZXJzZT48dmVyc2UgeG1sOmlkPSJ2MThsa2xhNSIgbj0iMiI+PHN5bCB4bWw6aWQ9InM5dmF2cGQiIGNvbj0icyIgd29yZHBvcz0icyI+aGk8L3N5bD48L3ZlcnNlPjx2ZXJzZSB4bWw6aWQ9InZ1eGNnYTMiIG49IjMiPjxzeWwgeG1sOmlkPSJzMnk1MWhpIiBjb249ImQiIHdvcmRwb3M9ImkiPnNvcjwvc3lsPjwvdmVyc2U+PC9ub3RlPjxub3RlIHhtbDppZD0ibnp3NWg0byIgZHVyLnBwcT0iMiIgZHVyPSI4IiBvY3Q9IjQiIHBuYW1lPSJnIiBzdGVtLmRpcj0idXAiPjx2ZXJzZSB4bWw6aWQ9InZibWEwcHAiIG49IjEiPjxzeWwgeG1sOmlkPSJzNnBtaTZiIiBjb249InMiIHdvcmRwb3M9InMiPkNlcjwvc3lsPjwvdmVyc2U+PHZlcnNlIHhtbDppZD0idm0yc2F6ayIgbj0iMiI+PHN5bCB4bWw6aWQ9InM1cGQyMGsiIGNvbj0iZCIgd29yZHBvcz0iaSI+YXRyYTwvc3lsPjwvdmVyc2U+PHZlcnNlIHhtbDppZD0idnk1ZmozYiIgbj0iMyI+PHN5bCB4bWw6aWQ9InMxYW55cmNuIiBjb249InMiIHdvcmRwb3M9InQiPnRpdDwvc3lsPjwvdmVyc2U+PC9ub3RlPjxub3RlIHhtbDppZD0ibjExZ2ZiYm4iIGR1ci5wcHE9IjIiIGR1cj0iOCIgb2N0PSI0IiBwbmFtZT0iZiIgc3RlbS5kaXI9InVwIj48dmVyc2UgeG1sOmlkPSJ2MWdqMG56YyIgbj0iMSI+PHN5bCB4bWw6aWQ9InNjZXRpdjIiIGNvbj0icyIgd29yZHBvcz0icyI+cmE8L3N5bD48L3ZlcnNlPjx2ZXJzZSB4bWw6aWQ9InZrdjA0MjUiIG49IjIiPjxzeWwgeG1sOmlkPSJzaGd6dnpiIiBjb249ImQiIHdvcmRwb3M9Im0iPnBhPC9zeWw+PC92ZXJzZT48dmVyc2UgeG1sOmlkPSJ2a3F2N29uIiBuPSIzIj48c3lsIHhtbDppZD0iczE0NXNlcW0iIGNvbj0icyIgd29yZHBvcz0icyI+YmVuPC9zeWw+PC92ZXJzZT48L25vdGU+PC9iZWFtPjwvbGF5ZXI+PC9zdGFmZj48L21lYXN1cmU+PGVuZGluZyB4bWw6aWQ9ImUxb3FzbGZlIiBsZW5kc3ltPSJhbmdsZWRvd24iIG49IjEsIDIiPjxtZWFzdXJlIHhtbDppZD0ibTFsbjN5eXUiIHJpZ2h0PSJycHRlbmQiIG49IjE2Ij48c3RhZmYgeG1sOmlkPSJzMTBhbWQ4MiIgbj0iMSI+PGxheWVyIHhtbDppZD0ibDF3eDY4cjMiIG49IjEiPjxub3RlIHhtbDppZD0ibmRleWN3ayIgZHVyLnBwcT0iNCIgZHVyPSI0IiBvY3Q9IjQiIHBuYW1lPSJlIiBzdGVtLmRpcj0idXAiIHR5cGU9IlIiPjx2ZXJzZSB4bWw6aWQ9InYxYWdseDFqIiBuPSIxIj48c3lsIHhtbDppZD0iczM5ZTJwZiIgY29uPSJzIiB3b3JkcG9zPSJzIj5sbGVyLjwvc3lsPjwvdmVyc2U+PHZlcnNlIHhtbDppZD0idjFkbDM5cmYiIG49IjIiPjxzeWwgeG1sOmlkPSJzM3VwYWFpIiBjb249InMiIHdvcmRwb3M9InQiPnLDg8KhbS4iPC9zeWw+PC92ZXJzZT48L25vdGU+PG5vdGUgeG1sOmlkPSJuZ2R3ZHNnIiBkdXIucHBxPSIyIiBkdXI9IjgiIG9jdD0iNCIgcG5hbWU9ImciIHN0ZW0uZGlyPSJ1cCI+PHZlcnNlIHhtbDppZD0idjF0NHRhOW8iIG49IjIiPjxzeWwgeG1sOmlkPSJzcG81MmhuIiBjb249InMiIHdvcmRwb3M9InMiPlBlcjwvc3lsPjwvdmVyc2U+PHZlcnNlIHhtbDppZD0idjFpOWttbTgiIG49IjEiPjxzeWwgeG1sOmlkPSJzMTk3dGJ5cyIgY29uPSJzIiB3b3JkcG9zPSJzIj5Vbjwvc3lsPjwvdmVyc2U+PC9ub3RlPjwvbGF5ZXI+PC9zdGFmZj48ZmVybWF0YSB4bWw6aWQ9ImYxY3NrdHV3IiBzdGFmZj0iMSIgc3RhcnRpZD0iI25kZXljd2siIGZvcm09Im5vcm0iIHBsYWNlPSJhYm92ZSIvPjwvbWVhc3VyZT48L2VuZGluZz48ZW5kaW5nIHhtbDppZD0iZTF2dWo3NHoiIGxlbmRzeW09ImFuZ2xlZG93biIgbj0iMyI+PG1lYXN1cmUgeG1sOmlkPSJtbDZleTM3IiByaWdodD0iZW5kIiBuPSIxNyI+PHN0YWZmIHhtbDppZD0ic3puYzdsNyIgbj0iMSI+PGxheWVyIHhtbDppZD0ibDF3eTVpYzgiIG49IjEiPjxub3RlIHhtbDppZD0ibjJqM2EwMSIgZHVyLnBwcT0iNCIgZHVyPSI0IiBvY3Q9IjQiIHBuYW1lPSJlIiBzdGVtLmRpcj0idXAiPjx2ZXJzZSB4bWw6aWQ9InZ5YWFudm4iIG49IjMiPjxzeWwgeG1sOmlkPSJzamlvZm54IiBjb249InMiIHdvcmRwb3M9InMiPmZhcnQuIjwvc3lsPjwvdmVyc2U+PC9ub3RlPjxzcGFjZSB4bWw6aWQ9InN6aGxic3giIGR1ci5wcHE9IjIiIGR1cj0iOCIvPjwvbGF5ZXI+PC9zdGFmZj48ZmVybWF0YSB4bWw6aWQ9ImZxa2poNyIgc3RhZmY9IjEiIHN0YXJ0aWQ9IiNuMmozYTAxIiBmb3JtPSJub3JtIiBwbGFjZT0iYWJvdmUiLz48L21lYXN1cmU+PC9lbmRpbmc+PC9zZWN0aW9uPgogICAgICAgIDwvc2NvcmU+CiAgICAgIDwvbWRpdj4KICAgIDwvYm9keT4KICA8L211c2ljPgo8L21laT4K,b'',Audio1,Video1,True,1,5.0
